ID,Name,mobilenumber,mail
400,MM,7984654654,harsha@gmail.com
401,Sanjay,7897654219,sanjay@gmail.com
402,GnanaSai,7810653784,gnansai@gmail.com
403,Akhilesh,7723653349,akhilesh@gmail.com
404,Gohith,7636652914,gohith@gmail.com
405,Tatwa,7549652479,tatwa@gmail.com
406,Harshith,7462652044,harshith@gmail.com
407,Nayan,7375651609,nayan@gmail.com
408,Sravan,7288651174,sravan@gmail.com
